id,user_id,file_name,file_path,mime_type,byte_size,created_at
2212ef40-9854-4779-a952-65a3c82ccf0d,a64f7287-d3a8-4a07-8694-eb0974538abc,M001_Messier_1.jpg,/static/uploads/152e996cc580447ea35866e851922480.jpg,image/jpeg,1025903,2025-08-27 22:01:50.636138 +00:00
6b7602c1-487f-4085-94c9-6ff48ee4c374,a64f7287-d3a8-4a07-8694-eb0974538abc,M002_Messier_2.jpg,/static/uploads/d6a9b7b3817d4524a66242bf9460acdd.jpg,image/jpeg,2144280,2025-08-27 22:22:04.626634 +00:00
cf968e17-ae16-42cb-92b2-e38087eba67d,a64f7287-d3a8-4a07-8694-eb0974538abc,M003_Messier_3.jpg,/static/uploads/4ae16b09a0dd482386e9a5c250f70ba6.jpg,image/jpeg,1953987,2025-08-27 22:22:23.519361 +00:00
4df993a2-dddf-48d2-9646-6a81e37fda5f,a64f7287-d3a8-4a07-8694-eb0974538abc,M004_Messier_4.jpg,/static/uploads/66af58150bb94074950c62dacf89a7b3.jpg,image/jpeg,597421,2025-08-27 22:58:52.282122 +00:00
fb6a8bf1-bdd2-451c-8a34-cc878622f453,a64f7287-d3a8-4a07-8694-eb0974538abc,M005_Messier_5.jpg,/static/uploads/d9a50e2d164e45628e004148ed3065fb.jpg,image/jpeg,3340023,2025-08-28 02:28:57.401835 +00:00
d8095ba2-0cd3-4024-a491-a6d9c76d89a3,a64f7287-d3a8-4a07-8694-eb0974538abc,M007_Messier_7.jpg,/static/uploads/201c9a61bd9c45a58a2613f47f81f1a5.jpg,image/jpeg,381860,2025-08-28 02:29:20.691935 +00:00
958fc42f-f56c-4072-943a-a83ca163b6f3,a64f7287-d3a8-4a07-8694-eb0974538abc,M008_Messier_8.jpg,/static/uploads/c85405aeb5cf4e94a06b78555263c6df.jpg,image/jpeg,104228,2025-08-28 02:29:33.560180 +00:00
8a3c2cdb-f637-45c2-8d8d-59e807dbfb32,a64f7287-d3a8-4a07-8694-eb0974538abc,M031_Messier_31.jpg,/static/uploads/1013fda23d384237bbb646cf7df5e72b.jpg,image/jpeg,6336463,2025-08-30 03:39:42.314783 +00:00
d5e0a22b-fb5f-4492-90e2-74b828945c13,a64f7287-d3a8-4a07-8694-eb0974538abc,M033_Messier_33.jpg,/static/uploads/866a67876a5048fb998550f8934d3e5d.jpg,image/jpeg,2747067,2025-08-30 03:40:06.629517 +00:00
d67c5173-c600-4664-9077-9458a3d53480,a64f7287-d3a8-4a07-8694-eb0974538abc,M104_Messier_104.jpg,/static/uploads/3681d51690794724b437e2066f774701.jpg,image/jpeg,451571,2025-08-30 03:40:24.135427 +00:00
fb1c25ac-0ff4-45a4-93c6-73c41130b1c4,a64f7287-d3a8-4a07-8694-eb0974538abc,M017_Messier_17.jpg,/static/uploads/1340aac525854ba1aa41fa1e4a2ac66e.jpg,image/jpeg,1301714,2025-08-30 03:40:51.701010 +00:00
c7dad7ee-f965-48d3-b547-66dfd1b17da5,a64f7287-d3a8-4a07-8694-eb0974538abc,M063_Messier_63.jpg,/static/uploads/0895dc0c691845e9ab1766d0a1da8aa4.jpg,image/jpeg,436110,2025-08-30 03:41:34.054994 +00:00
0a32df7e-53a6-4d39-8a3e-78563afee107,a64f7287-d3a8-4a07-8694-eb0974538abc,M009_Messier_9.jpg,/static/uploads/99553ca66cad42fca0ba0a8491f15dc0.jpg,image/jpeg,848391,2025-08-30 03:43:25.605343 +00:00
1d925299-57e5-4ea1-b58f-4f2f125ced3a,a64f7287-d3a8-4a07-8694-eb0974538abc,M082_Messier_82.jpg,/static/uploads/269fc49214ab40348f8e4e577b30a4b5.jpg,image/jpeg,1066368,2025-08-30 16:51:46.548974 +00:00
d5fa55b9-9c84-4f6f-8924-d8edcc96baff,a64f7287-d3a8-4a07-8694-eb0974538abc,M104_Messier_104.jpg,/static/uploads/a8344feccf854f93b1b9b9bf03d47f25.jpg,image/jpeg,451571,2025-08-30 16:53:40.973044 +00:00
e1ff6322-4ee7-4131-b115-f9b19abc1b4e,a64f7287-d3a8-4a07-8694-eb0974538abc,M094_Messier_94.jpg,/static/uploads/3c396686e91c4a63abeacf5412616bf3.jpg,image/jpeg,532349,2025-08-30 16:55:11.885669 +00:00
be720ce5-11c6-4e65-92e5-437d8d2650c2,a64f7287-d3a8-4a07-8694-eb0974538abc,M107_Messier_107.jpg,/static/uploads/d767c2d5044849b8833444ebec142a86.jpg,image/jpeg,6735299,2025-08-30 16:57:56.318055 +00:00
