id,user_id,messier_id,image_id,body,observed_date,created_at,updated_at
3b30d1d3-a779-4dbb-b481-89ba86451484,a64f7287-d3a8-4a07-8694-eb0974538abc,aca15b97-535c-4fcc-9ddf-7f28e63a85d5,2212ef40-9854-4779-a952-65a3c82ccf0d,"",2025-08-01,2025-08-27 22:01:50.636138 +00:00,2025-08-27 22:01:50.636138 +00:00
442f5935-ebfa-4d04-b670-e4bcc5462056,a64f7287-d3a8-4a07-8694-eb0974538abc,7af67ad7-c23d-4580-8edd-2883f2ddbfa6,6b7602c1-487f-4085-94c9-6ff48ee4c374,"",2025-08-01,2025-08-27 22:22:04.626634 +00:00,2025-08-27 22:22:04.626634 +00:00
223461fd-03c8-49eb-b327-63a880b681f9,a64f7287-d3a8-4a07-8694-eb0974538abc,586b60ba-db5e-4253-967c-a595f84b52c1,cf968e17-ae16-42cb-92b2-e38087eba67d,"",2025-08-28,2025-08-27 22:22:23.519361 +00:00,2025-08-27 22:22:23.519361 +00:00
119e2cdd-1608-45d7-b40b-4523867ca545,a64f7287-d3a8-4a07-8694-eb0974538abc,727e7414-dd51-4fa8-bab9-23194bd65b94,4df993a2-dddf-48d2-9646-6a81e37fda5f,"",2025-03-06,2025-08-27 22:58:52.282122 +00:00,2025-08-27 22:58:52.282122 +00:00
26f33f47-0bf6-4ee3-8ebb-370de582e5c9,a64f7287-d3a8-4a07-8694-eb0974538abc,f754f7fc-e061-498d-8209-3e4f0cd2dae6,fb6a8bf1-bdd2-451c-8a34-cc878622f453,"",2025-02-14,2025-08-28 02:28:57.401835 +00:00,2025-08-28 02:28:57.401835 +00:00
955bdeda-a633-40f7-91e5-a5ee09324f9c,a64f7287-d3a8-4a07-8694-eb0974538abc,03d0c190-00a6-4383-89ec-3fafa04160a7,d8095ba2-0cd3-4024-a491-a6d9c76d89a3,"",2025-04-18,2025-08-28 02:29:20.691935 +00:00,2025-08-28 02:29:20.691935 +00:00
c3b38142-60b1-44ba-a96a-2db7a26695cc,a64f7287-d3a8-4a07-8694-eb0974538abc,939527fa-ea06-450c-a441-0f7364776fa6,958fc42f-f56c-4072-943a-a83ca163b6f3,"",2025-07-27,2025-08-28 02:29:33.560180 +00:00,2025-08-28 02:29:33.560180 +00:00
68e0639d-970d-400d-b520-5d67bb06ab90,a64f7287-d3a8-4a07-8694-eb0974538abc,b6b9f62b-d0b6-465c-be56-1ce0f7ac1fc6,8a3c2cdb-f637-45c2-8d8d-59e807dbfb32,"",2025-08-02,2025-08-30 03:39:42.314783 +00:00,2025-08-30 03:39:42.314783 +00:00
960645a9-06a7-4c58-909f-a7b19d471a72,a64f7287-d3a8-4a07-8694-eb0974538abc,c4bd977b-ecaf-4182-b388-17007459bdbe,d5e0a22b-fb5f-4492-90e2-74b828945c13,"",2025-08-01,2025-08-30 03:40:06.629517 +00:00,2025-08-30 03:40:06.629517 +00:00
6264b61b-7d5e-4d06-9077-935975bdd7a9,a64f7287-d3a8-4a07-8694-eb0974538abc,adbc2d01-3ffe-4c99-ace5-ba7529768472,d67c5173-c600-4664-9077-9458a3d53480,"",2025-08-23,2025-08-30 03:40:24.135427 +00:00,2025-08-30 03:40:24.135427 +00:00
ddfa842f-a7b0-4a68-be35-dd5cae572c9b,a64f7287-d3a8-4a07-8694-eb0974538abc,a420369a-57d5-4abd-8826-030446cb0c04,fb1c25ac-0ff4-45a4-93c6-73c41130b1c4,"",2025-07-28,2025-08-30 03:40:51.701010 +00:00,2025-08-30 03:40:51.701010 +00:00
d965dbdb-d8f2-4f43-8eee-30a202383415,a64f7287-d3a8-4a07-8694-eb0974538abc,4b7f9e5a-c79e-448d-a698-3e171f4fb06f,c7dad7ee-f965-48d3-b547-66dfd1b17da5,"",2025-08-07,2025-08-30 03:41:34.054994 +00:00,2025-08-30 03:41:34.054994 +00:00
fab50d05-8998-4d5f-8d8e-2c2614ccf404,a64f7287-d3a8-4a07-8694-eb0974538abc,cb4e3f62-0fc6-4b3c-8c8a-35138464c7b4,0a32df7e-53a6-4d39-8a3e-78563afee107,"",2025-08-01,2025-08-30 03:43:25.605343 +00:00,2025-08-30 03:43:25.605343 +00:00
d4a78d4b-db6e-4dca-9b79-08a0cbf11fc9,a64f7287-d3a8-4a07-8694-eb0974538abc,d5c8d823-2790-41e9-894e-4e6f862a871a,1d925299-57e5-4ea1-b58f-4f2f125ced3a,"",2025-03-11,2025-08-30 16:51:46.548974 +00:00,2025-08-30 16:51:46.548974 +00:00
ed9b4d4b-67bd-4134-bb44-acecd1ef7eea,a64f7287-d3a8-4a07-8694-eb0974538abc,c2938f92-dd8b-4d1e-aceb-6063ea33a601,d5fa55b9-9c84-4f6f-8924-d8edcc96baff,"",2025-07-29,2025-08-30 16:53:40.973044 +00:00,2025-08-30 16:53:40.973044 +00:00
add3ac48-d0f6-4a85-9eb9-d648b8928a0e,a64f7287-d3a8-4a07-8694-eb0974538abc,9fbf8b5e-099f-408a-9f46-3bf471cc8d7b,e1ff6322-4ee7-4131-b115-f9b19abc1b4e,"",2025-08-13,2025-08-30 16:55:11.885669 +00:00,2025-08-30 16:55:11.885669 +00:00
ed12c846-bcb5-4802-b62d-9d4900567a5a,a64f7287-d3a8-4a07-8694-eb0974538abc,5e96f0af-b034-424a-9b20-630b00773f59,be720ce5-11c6-4e65-92e5-437d8d2650c2,"",2025-08-15,2025-08-30 16:57:56.318055 +00:00,2025-08-30 16:57:56.318055 +00:00
