id,user_id,messier_id,image_id,created_at
abfc4897-3b97-4887-b22a-8070d191dd26,a64f7287-d3a8-4a07-8694-eb0974538abc,aca15b97-535c-4fcc-9ddf-7f28e63a85d5,2212ef40-9854-4779-a952-65a3c82ccf0d,2025-08-27 22:01:50.636138 +00:00
f59a7a7c-a750-4afa-b8a9-f703c2819063,a64f7287-d3a8-4a07-8694-eb0974538abc,7af67ad7-c23d-4580-8edd-2883f2ddbfa6,6b7602c1-487f-4085-94c9-6ff48ee4c374,2025-08-27 22:22:04.626634 +00:00
4d3a2b56-a6f7-4b4b-a7c3-4c111fd135d9,a64f7287-d3a8-4a07-8694-eb0974538abc,586b60ba-db5e-4253-967c-a595f84b52c1,cf968e17-ae16-42cb-92b2-e38087eba67d,2025-08-27 22:22:23.519361 +00:00
a6872d58-ff06-40b0-9b87-8f3087c54eb8,a64f7287-d3a8-4a07-8694-eb0974538abc,727e7414-dd51-4fa8-bab9-23194bd65b94,4df993a2-dddf-48d2-9646-6a81e37fda5f,2025-08-27 22:58:52.282122 +00:00
30e7a581-e5d7-4571-bd2a-004b2102e532,a64f7287-d3a8-4a07-8694-eb0974538abc,f754f7fc-e061-498d-8209-3e4f0cd2dae6,fb6a8bf1-bdd2-451c-8a34-cc878622f453,2025-08-28 02:28:57.401835 +00:00
0b4e022a-c402-49ae-b6ca-529282610e41,a64f7287-d3a8-4a07-8694-eb0974538abc,03d0c190-00a6-4383-89ec-3fafa04160a7,d8095ba2-0cd3-4024-a491-a6d9c76d89a3,2025-08-28 02:29:20.691935 +00:00
ee1d756c-7c4e-4b94-bb2d-0f67d98ffe25,a64f7287-d3a8-4a07-8694-eb0974538abc,939527fa-ea06-450c-a441-0f7364776fa6,958fc42f-f56c-4072-943a-a83ca163b6f3,2025-08-28 02:29:33.560180 +00:00
4ac43bd8-b830-49e5-aa78-a2a169ccd26c,a64f7287-d3a8-4a07-8694-eb0974538abc,b6b9f62b-d0b6-465c-be56-1ce0f7ac1fc6,8a3c2cdb-f637-45c2-8d8d-59e807dbfb32,2025-08-30 03:39:42.314783 +00:00
a5507ff6-7b0f-41d4-bfb1-efa96d2e5242,a64f7287-d3a8-4a07-8694-eb0974538abc,c4bd977b-ecaf-4182-b388-17007459bdbe,d5e0a22b-fb5f-4492-90e2-74b828945c13,2025-08-30 03:40:06.629517 +00:00
4dc79a73-8fe6-489f-979a-1ed21ce09b3a,a64f7287-d3a8-4a07-8694-eb0974538abc,adbc2d01-3ffe-4c99-ace5-ba7529768472,d67c5173-c600-4664-9077-9458a3d53480,2025-08-30 03:40:24.135427 +00:00
455f80b0-27e6-4fe0-a130-31a0bac9b4f4,a64f7287-d3a8-4a07-8694-eb0974538abc,a420369a-57d5-4abd-8826-030446cb0c04,fb1c25ac-0ff4-45a4-93c6-73c41130b1c4,2025-08-30 03:40:51.701010 +00:00
4cce06a1-ba2a-407f-a0f2-4433928ac8b9,a64f7287-d3a8-4a07-8694-eb0974538abc,4b7f9e5a-c79e-448d-a698-3e171f4fb06f,c7dad7ee-f965-48d3-b547-66dfd1b17da5,2025-08-30 03:41:34.054994 +00:00
72041758-48ab-4bb0-8d4c-2a85799dc754,a64f7287-d3a8-4a07-8694-eb0974538abc,cb4e3f62-0fc6-4b3c-8c8a-35138464c7b4,0a32df7e-53a6-4d39-8a3e-78563afee107,2025-08-30 03:43:25.605343 +00:00
ad6533e5-0252-419a-b9c8-fee1f7650346,a64f7287-d3a8-4a07-8694-eb0974538abc,d5c8d823-2790-41e9-894e-4e6f862a871a,1d925299-57e5-4ea1-b58f-4f2f125ced3a,2025-08-30 16:51:46.548974 +00:00
35edc7d9-e2ad-4238-add4-56250478efd8,a64f7287-d3a8-4a07-8694-eb0974538abc,c2938f92-dd8b-4d1e-aceb-6063ea33a601,d5fa55b9-9c84-4f6f-8924-d8edcc96baff,2025-08-30 16:53:40.973044 +00:00
8d96aa6c-3716-40ed-95ac-8e502ccaf24b,a64f7287-d3a8-4a07-8694-eb0974538abc,9fbf8b5e-099f-408a-9f46-3bf471cc8d7b,e1ff6322-4ee7-4131-b115-f9b19abc1b4e,2025-08-30 16:55:11.885669 +00:00
d6d54d28-8dae-49f6-8275-909e0fd8bf50,a64f7287-d3a8-4a07-8694-eb0974538abc,5e96f0af-b034-424a-9b20-630b00773f59,be720ce5-11c6-4e65-92e5-437d8d2650c2,2025-08-30 16:57:56.318055 +00:00
